Id,Name,Surname,Salary,CompanyId
1,John,Doe,50000,1
2,Alice,Smith,60000,2
3,Michael,Johnson,55000,1
4,Susan,Williams,52000,3
5,Robert,Brown,58000,2
6,Linda,Miller,53000,1
7,David,Anderson,51000,3
8,Emily,Jones,56000,2
9,James,Thomas,54000,1
10,Sarah,Davis,59000,2
11,Christopher,Wilson,57000,1
12,Jennifer,Martin,52000,3
13,Matthew,Taylor,54000,2
14,Elizabeth,Anderson,55000,1
15,Andrew,Johnson,60000,2
16,Jessica,Smith,53000,1
17,Daniel,Brown,52000,3
18,Karen,Miller,56000,2
19,Joshua,Williams,51000,3
20,Sophia,Jones,58000,2
21,William,Thomas,57000,1
22,Lauren,Davis,59000,2
23,Anthony,Wilson,52000,1
24,Megan,Martin,54000,2
25,Joseph,Taylor,55000,1
26,Ashley,Anderson,52000,3
27,Charles,Johnson,53000,1
28,Natalie,Smith,60000,2
29,Christopher,Brown,52000,3
30,Grace,Miller,56000,2
31,David,Williams,51000,3
32,Maria,Jones,58000,2
33,Matthew,Thomas,57000,1
34,Ava,Davis,59000,2
35,John,Wilson,52000,1
36,Sophia,Martin,54000,2
37,James,Taylor,55000,1
38,Olivia,Anderson,52000,3
39,Liam,Johnson,53000,1
40,Emma,Smith,60000,2
41,Michael,Brown,52000,3
42,Ava,Miller,56000,2
43,Lucas,Williams,51000,3
44,Mia,Jones,58000,2
45,Logan,Thomas,57000,1
46,Abigail,Davis,59000,2
47,Noah,Wilson,52000,1
48,Sophia,Martin,54000,2
49,Oliver,Taylor,55000,1
50,Isabella,Anderson,52000,3
51,Elijah,Johnson,53000,1
52,Charlotte,Smith,60000,2
53,William,Brown,52000,3
54,Sofia,Miller,56000,2
55,Amelia,Williams,51000,3
56,Harper,Jones,58000,2
57,Olivia,Thomas,57000,1
58,Evelyn,Davis,59000,2
59,Aiden,Wilson,52000,1
60,Emily,Martin,54000,2
61,Avery,Taylor,55000,1
62,Elizabeth,Anderson,52000,3
63,Ella,Johnson,53000,1
64,Evelyn,Smith,60000,2
65,Madison,Brown,52000,3
66,Scarlett,Miller,56000,2
67,Evelyn,Williams,51000,3
68,Grace,Jones,58000,2
69,Victoria,Thomas,57000,1
70,Chloe,Davis,59000,2
